index,node,p_max,q_max,cost,p_max_KW,q_max_KVAr,base_KV,Sbase,PF
g1,1,100,90,50,10000,9000,100,100000,0.743294146
g2,16,10,9,10,1000,900,100,100000,0.743294146
g3,33,10,9,10,1000,900,100,100000,0.743294146
